AAPL,AMGN,AMZN,AXP,BA,CAT,CRM,CSCO,CVX,DIS,GS,HD,HON,IBM,JNJ,JPM,KO,MCD,MMM,MRK,MSFT,NKE,NVDA,PG,SHW,TRV,UNH,V,VZ,WMT
0.022230794678478327,0.02178869611582357,-0.002449462616694653,0.009549642748897469,0.010677370536491315,0.019211062325687145,-0.009929813497921769,-0.0073806418966045895,0.016555488699672383,-0.004129859085826859,0.013348262233859653,-0.0035104774339307365,0.0020520794487768335,-0.012190917926186762,-0.0023088554430095165,0.005474997578904128,-0.010604083403069398,-0.009613769971895558,0.001040299725361571,0.007089556666121988,-0.0019509217846548355,0.040593899188775984,0.025766351418616162,-0.000124183289510027,-0.007852376362038394,-0.036179729365485636,-0.05696951493701885,-0.0035164498492925578,-0.0020603947441523163,-0.006412868788610471
0.005224985464938214,0.004682360226539117,0.015869432167251007,0.010283542524749167,0.018346457633561464,-0.0014306955364138396,0.010920964427304725,0.0174540097624567,0.0026354618445678657,0.008293971103573439,0.01088154508518957,-0.00045725811543262385,0.004764695620255166,0.015018214484725068,0.002892898189357007,0.01858215930727969,0.006204888850877444,-0.0018668740502820746,-0.006689787866622887,-0.017720596514048004,0.015781265655180343,0.0,0.013290989179453039,-0.0022952115452030686,0.004226744624860723,0.0263853268376395,0.0032189230329418006,0.013099230320023691,-0.0009177565862930059,0.007683641792120222
-0.01685796223455238,-0.017737368525829078,0.0002685535903059755,-0.016456912603551754,0.012550975995038405,-0.015960244682633462,-0.008634989098546209,-0.006342899277814951,-0.006537677783893581,-0.006774159159662285,-0.01761834651016647,-0.01086953338921437,-0.004367674133279986,0.001712506972722183,-0.004743330659995437,-0.013614877621957011,-0.004765139664609119,-0.0018702602126871026,-0.007192379467077181,-0.00037056350318021014,-0.0022452582003857913,0.0018327213583129165,-0.006903417381724064,-0.0020518134233160623,-0.0217796056859636,-0.019460054711295194,-0.01568631767320272,-0.006186214605296558,-0.01722152266327881,0.010065070767211193
0.00028576554438819457,0.01382480823017529,-0.018391733064396676,-0.017816821085215984,-0.0005031359277997138,0.007100611632483211,0.014269844220782035,-0.004932567200656712,0.039620255342670774,-0.010880147802769025,-0.019200064316156507,-0.0003807881790898193,0.001880140622860571,-0.00700924328621233,0.0033489854343820014,-0.03147581593578774,-0.010843593837923104,-0.00633652939864271,0.01251326539549713,0.005809582254662438,-0.002210101279708887,-0.03410432456857304,0.011122326495506485,-0.01626167948499402,-0.0008374302115613519,-0.010038973696048337,0.013137703834301906,-0.005860313670083217,0.0060749091013565515,-0.022747843539181023
0.005380696032397214,-0.0016160594118233007,0.014496684294917905,0.0011672967487841301,0.036976028157953644,0.020010626189277403,-0.009976157237716943,0.009913922938413089,-0.0014357509174680594,-0.009932669751388512,-0.0010326138849094946,0.009632652425754396,-0.004503814698940678,-0.0009640066388187929,0.0031452586448696973,0.001343785509365203,-0.010819969844894084,0.004628434069004594,0.014570023371383689,0.028757468961761345,0.013873875666849278,-0.004870065033698245,0.017999969095818136,-0.002343426672395288,0.0160116171731568,-0.004173333067610585,-0.015567230998493442,0.009053877231436802,-0.010450683664531502,-0.002883975846919795
0.006015023968325428,0.012983913835633354,-0.0012581953255335065,0.02486218181871047,-0.0022507049950917235,0.015291654168919422,-0.025653428201503292,-0.007362423427324294,0.007515431342519641,0.007876589713873505,0.018031441887933708,0.006090920808643041,-0.008168547679887617,-0.00934043016843833,0.00902220191439329,0.017763850720146745,0.004173674024626317,0.01832651094751614,0.008590992212854864,0.003703299509783431,-0.004031766929050162,0.014410047363171197,0.007490211033165828,0.006157883231966421,0.0008248363305531914,0.0026241464888270283,-0.011224358598528883,-0.005254938924462049,0.002337079553587973,-0.02014255524559072
-0.00588481171535149,-0.016979126806757505,0.012417933203629827,-0.017740701575886697,0.0033172630905753397,-0.005902006914591751,-0.022350976723600313,-0.011780142667407345,0.007394382460137239,-0.013902597839572595,-0.005880506855841516,-0.008652492856228933,-0.0035477645317216755,-0.013359765911702404,-0.0050098442522436,-0.004615119331620399,0.0014334473201407238,0.005093975349516944,-0.009407707427435463,-0.00785527825392962,0.0036691458164881396,-0.026668500519337113,0.0049968979800461,-0.009085576472857348,-0.0167693762362785,-0.005898675591536451,0.015325062681097013,-0.02233908653154071,-0.009754960970908555,-0.004849145563326496
-0.012028834934525112,0.005960691893344805,0.0029775049161142597,0.004538628457637639,0.01617879663284172,-0.0003696195626368137,0.006238530538682285,-0.001913040956431411,-0.02356585728439986,0.0008342297827272915,0.01184474126622126,0.00010805821901227475,0.009028117058478058,0.0007053320385081996,-0.0005097311269894877,0.0064144049473455755,-0.005724912562710016,0.006568615535726519,0.013282835068661347,0.0037188482717229743,-0.0005960652012634293,-0.005232011037595408,-0.005153982348054642,-0.02094888226298408,-0.0041338689322155675,0.0038903108499830363,-0.011575300465714866,0.007386543287947411,-0.0009609214679444644,0.014618485747098342
0.0023487523440752778,-0.015217300424120173,0.0029243814744550622,-0.032001721445074516,-0.0022124615807962433,-0.0027847432189794796,-0.008086831034631148,-0.009436653811588647,-0.006330207306316393,-0.008252048414527091,-0.015126824401935579,-0.030990706148856573,-0.01159367524979027,-0.0038409013128234415,-0.010521702138630684,-0.007447269554351044,-0.0015834888078019027,-0.00748644501131468,-0.008359073610517131,-0.025696254830502974,0.005566410200881,-0.0035985797949180665,0.040409535932759866,-0.007023953568422336,-0.01582003373903651,-0.018984675382903937,-0.029509539832286547,-0.009928627345135,-0.00769611495660949,-0.00407175296140061
0.0050212784395655685,0.02225568044674553,-0.013960696164789232,0.004023776890448305,-0.0004348091457201386,0.02036378389610971,0.0014366334987656604,0.002828135752825922,-0.005109955144799283,0.007059974014441028,0.008982026152874578,-0.0034576046753876932,0.006714802246756024,-0.002759103199691526,0.061932072367629765,-0.0025475109660638706,-0.0012976161108492201,-0.002403117555669576,0.006194485411826323,0.01116301080175508,-0.00039535209153085393,0.0015278376289669104,0.00392503050477,0.006877199542057566,0.002388967039069101,0.006264486825969806,0.002673723111101589,0.008299200755460312,-0.00024239923970548194,-0.0025159879458611645
-0.0006660714311723659,-0.002575072009155077,0.0030915472640284936,0.01106130215866008,0.004784715670810069,0.01257028493694845,0.007481911652703621,0.013804262081752228,0.009738490781391995,0.01994659829525336,-0.004204188971612677,0.0045887515943738855,0.006290093153638265,0.0002836718108907288,-0.010923650617579606,0.01427474389143324,0.01905583071666772,0.004918049815158865,0.009393181659583139,-0.011039773688817922,0.012024792643384963,0.012205563806101383,0.009511589505708296,0.01229416484001633,0.00011778961238451124,0.03814580081072605,-0.015111476982536454,-0.00025720985903288085,-0.007272671815402365,-0.0006305835270181692
0.005523128579167924,-0.011701531395202136,0.010050026580880944,-0.02346592352820398,-0.007186163039434534,-0.010428955598376644,0.00961992763586239,-0.003660168434540201,-0.008851893031335267,-0.006464282843344216,0.003428612681378951,0.0010027471183144954,-0.007677100178123286,0.013723442230654248,0.004417679687690024,0.004725778197296249,-0.010482963941276457,-0.010986365549069732,-0.03653174316640273,-0.019136370454319818,-0.003224609633338371,-0.0069882633286293405,-0.0034103327462868815,0.0034745065192551827,0.0005001175497691968,0.015889371923992535,-0.01881487019147776,-0.002172631165148098,-0.002686185314496159,-0.00042062735896331027
0.00615593543453663,0.003765589711819617,0.014018476542235536,-0.016171496573620492,-8.715886452892452e-05,-0.005167362316545354,-0.00038128040722951173,0.004261333514532506,-0.0023993656569423205,-0.004776816621254509,-0.0031909073189210213,0.0129103495725289,-0.005580489189197624,-0.004057928486034146,0.004031760492033909,-0.0010300443418675975,0.0031495254563949082,-0.004477203718256106,-0.0026756379391169594,-0.00812911343380196,1.9678892233532252e-05,0.021387955599486252,-0.0059741431161833836,-0.00045146681818653,0.00361697045387932,-0.010264216246535285,-0.001804269796536806,0.005414736412594268,0.04040159945134758,0.0065228311206837475
0.009036118108957769,0.03319036872762693,-0.007980819043607368,0.0038618039295634787,-0.0036630541158672036,0.017362908861205062,0.004994700533317298,-0.0026336836548477294,0.0024051364587618362,0.0018205860212274771,-0.007917940576811278,0.019146285472673608,0.005781773630283205,-0.009658801289397001,0.021720715839194327,0.0015809234457213606,-0.005851081167884464,0.011598240915614122,-0.010600726380172398,0.029000142527699113,-0.009391100116289741,0.018508556915725505,-0.02538216980801078,0.02122183670780453,-0.003603935127007296,0.013447743753623342,0.010597600604100643,0.002621415965211371,0.011061362719902323,0.0018815485602938775
-0.0011660239162684105,0.011547578405151748,0.003604836070819184,0.014861575315858522,0.023634494293815145,0.024928637082245686,0.013771274769615038,0.00674882896304041,0.02052795284089437,0.015529531584380862,0.024428595148231924,0.01439299344191225,0.01137043503296531,0.00017740747731753714,0.006967263704157345,0.018289239799420542,-0.007177881061400715,-0.0035097958797362105,-0.002513143838415055,0.029040663585983006,0.001187468877313691,0.018039585063780006,0.022450948681822958,-0.0002527620064884939,0.008439567611401078,-0.00764675343672816,0.02588278180460013,0.009748318627457397,-0.0027932187100416783,-0.001773711971958969
-0.0018211179209767225,-0.0021666555007664456,0.01725876103762447,-0.001328314128303476,-0.011159571386443745,0.004513679611683141,0.0017964006508763841,-0.004809225717599119,0.017698495920037027,-0.008052756708719855,0.002313503280529927,-0.008662104472398013,-0.06181302794350485,-0.07623846739195461,0.002720115650205912,-0.0007076920797643993,-0.0008675415043712942,-0.012209869790549277,-0.010078210175658908,0.001547922250417555,0.009903820307622047,-0.01732908446548187,0.017332301017892293,0.0033484279331765787,-0.00796068999455224,-0.010387590589079898,-0.04762226845482598,-0.0037152962055407857,0.005602272336133307,0.00961541548160949
0.0005614158591495944,-0.006384753197634652,-0.00340177109187767,0.010900097243891516,0.007739841972865591,0.009848207658202934,0.005266934095554898,0.005857445202758216,-0.0063530912722964406,-0.003935992427697488,0.013626593682573018,0.006030782679040003,-0.0010691847869106486,-0.003032524050019525,-0.007430930407513969,0.006980240123768411,0.0010129165759020786,0.013549217761249954,0.013194839480567211,0.007133486930797739,0.0055394698492192695,0.011270230576889917,-0.0013813721014661606,-0.0032112622971633975,-0.0003232946725282293,-0.003587886787005279,0.008902287560317745,0.008673025231777709,0.0,0.00900629424742272
0.0007948153451529105,-0.01725485271425431,0.005833005662313484,-0.0027918862650113674,0.014374007288288082,-0.0018674165377118301,0.004236345147092591,-0.01120979063077554,0.009299943421817058,-0.009055717736294433,-0.007311522919302815,0.005035429857779272,0.0037460053419609007,0.013437488317704638,-0.01235890335926515,-0.0011385468778351004,-0.015613716377340103,0.0025129663571661354,0.005156348619422602,-0.007673284459431939,-0.002355516950884873,0.038940699059899275,0.01873193435220344,-0.007517443125026002,-0.011584828746108,-0.023520373955880358,0.003771402523639278,-0.004397317953280577,-0.016713092181092626,0.0014362873201716475
-0.012987595225943172,0.007534258207244626,-0.007646371539299812,-0.007079883240626916,-0.04369528222595398,-0.006675374529261036,-0.010582703517329928,0.0005888439935799461,0.004799156475847166,-0.0038215549277051952,0.011511075474962995,0.0002915610750384712,-0.014927954429762358,-0.0030394257752843767,0.011370509423408226,-0.004157043831962359,0.018945539587486238,0.011529963482223238,-0.0017100673988679205,-0.017011594272270614,0.0001366145828312071,-0.011484130380750246,-0.007015547037994785,-0.003182479980348263,0.0024095050973040877,0.019261713545029924,-0.07461360561902897,-0.011758946814505511,0.008262431792394498,0.007376296120435555
-0.010507915039244642,-0.007214394996605256,-0.003549595623255297,-0.016626586068142157,-0.0010615954141022232,0.009464068262500902,-0.009649024621945945,0.004708664646177807,-0.02209774702660361,-0.0030856653099501363,-0.0016803982752247038,-0.013939677222161162,0.0019843746266590134,-0.00819318967969962,-0.005056285061957322,0.008719244597586329,-0.009080358005577271,0.0031055683995413474,-0.03406014967887172,-0.010649829652368048,0.0013071529074271115,-0.02106470929201487,0.021423331819171443,-0.023817092162680686,-0.014808311064065327,-0.0034639100040521065,0.019037099223713883,-0.0010817388243841153,-0.002575586372068006,-0.00752578569822715
-0.007079644851470834,-0.02080496753461869,0.017029402351838252,-0.013513084702145073,-0.01771165455571211,0.008983716854206625,-0.024470378216404298,-0.0029290379261438515,-0.01250335209824427,-0.003597110052149799,-0.009798039085777588,-0.012282344324340277,0.0008552896431821555,-0.02731893326240664,-0.01506631975451489,-0.011314023199069267,-0.012509069287828356,-0.011659601961080845,0.01773293501643458,-0.044403651803207156,0.03947474498101644,-0.025951953960100083,-0.007809521101566741,-0.015763977309201205,-0.0033134634114199146,0.0050981122335913565,-0.06194562010384008,-0.015502586257344131,0.0037559214479943037,0.003996470347099601
-0.02500354482147482,0.006031894515800218,-0.08269617085933034,-0.016838811677359455,0.00027045419935167736,-0.021300397317283615,-0.02938093252548224,-0.014248101210429964,-0.001582630253773476,-0.021156934448016473,-0.01937567663958928,0.01673437735987937,-0.020868059725435706,-0.012245646871116733,0.01572175181054125,-0.023190505818372897,0.014287869623146543,0.009397845290290974,-0.032234268849803294,0.014976927354988012,-0.017600839364810383,-0.0009372176514802488,-0.02333162962246693,0.0011962544237349437,0.03786864166937787,-0.007377839184140034,-0.04724317042003012,-0.017714994026172937,0.00280647074753948,0.005205067170271915
0.004792959023176335,0.01704389430963249,-0.01443541840985152,0.01468039413779354,0.0019828862258171043,0.01168674806565595,0.006301418547597137,0.020563382626384463,-0.00237791651934538,0.023672663224846735,0.023197144187316665,0.019161743620803584,0.01414723113920413,0.007718468671918721,0.022171589819547588,0.01689867865354544,0.0014520507967601404,0.0044240784673252875,0.023959453940206377,0.007188801053628291,0.02199914423825544,0.002680187477770879,0.03615015415062883,0.000730125247090152,0.012929108687106394,0.01811703263530351,0.01350046901835178,0.008251060915297925,0.001632409491168385,0.011168676904289132
-0.0021145818084247203,-0.00616029072753177,0.009922070229506863,-0.006530651433356072,0.011334012386288173,0.0012220525418225048,-0.019142395521832833,-0.01416269536051007,0.01324160293110066,-0.008630023647356322,-0.007052123675912458,0.01205288053539988,0.001222972873281325,-0.005198873815722371,-0.0017538083962963524,-0.009821303435251894,0.001305256066213456,-0.01794708039625814,0.015013293684968954,0.011645400771485015,-0.014729911696401699,-0.0058808173457632895,-0.009666692667442134,-0.0016583141936750145,0.012189190351702184,0.008250993808878615,0.04158019412386871,-0.013795119805130929,-0.006519276174596689,-0.002811579674312892
0.05090668279753996,-0.05135279344141486,0.04004677220394748,-0.0037080995637176484,0.0008004655131756966,-0.014992051906585147,0.006788077314015872,0.02502963673072478,-0.00169888323955536,-0.026622776517805202,0.0053127697111590155,0.0036065751800402612,-0.008278326338532538,0.006422800343180546,-0.0008786269775368227,-6.853979734111615e-05,0.00666182212931532,0.02975536846450111,0.004863781457685734,-0.01671006603797165,-0.0053244744476292905,0.014789014859520888,0.00650733795265368,0.015613594032161116,-0.003862595069480168,0.0090884905006825,-0.02079682581493103,0.006845812838846443,-0.007499331624181926,0.04078133110016058
0.03179373913382988,0.00010543330017620534,0.0036885760119835798,-0.00274073859746371,0.010176006990944897,-0.024782620077595907,-0.03327038654526726,0.009969718788173099,0.002487287990973197,-0.01988360365164643,-0.006899080610134667,-0.0016287472441531836,-0.012087783353036952,-0.008403332884434733,0.005510308857332946,-0.015136431176119403,0.013235471899041507,0.000812667726878713,0.006099977411668345,0.011707069324498498,-0.007810482678871522,-0.01497090397617351,0.00752433863266444,0.004121427841099479,-0.0022809404948621603,-0.008296570581598717,-0.004516223085650584,-0.022517193996198004,0.014167635450888838,-0.0023219082274594793
0.042357895955235314,0.012398942096042864,-0.001971955504762035,0.009160729021826075,0.007873986151036405,-0.001438456119366216,-0.0015361065319317024,0.0270385642061568,0.012078806982139367,-0.003986533456505348,0.0021258407824320535,0.004350519070038361,-0.0012466696728743454,-0.024991928662479235,0.010493877302357735,0.006342694097110968,-0.0012779022304075793,-0.007989398825820282,0.010280754337788744,0.003981484349416808,0.0023040592011676075,-0.002151978322637693,0.010676510503399017,0.00013025714090408869,0.006372682523218431,-0.0018465539389563856,0.025422001053378995,0.014122619344604681,0.004656665822047046,0.005915490314867267
-0.008337425180589553,-0.01089414492208951,-0.006241858073597895,-0.004034464885025346,-0.013791849121260968,-0.019158679648581534,-0.032555853447415406,-0.01560099156426853,-0.010063855813021383,0.0010673350918435354,-0.0028144895805786163,-0.0008250769515943945,0.0006473493247098894,-0.024641950388982647,0.0028269764791251095,0.002770446653300951,0.005828843427227337,-0.0035685541947995114,0.013111416271225584,-0.008179458152007713,-0.0005171863323104597,-0.002291499658872098,-0.0035030879331288123,0.009575979518018585,0.006871742079572973,-0.002303050055145861,0.005898943782200128,-0.0026129666728036405,0.0006951601217672909,0.001928033838526133
0.010872370357086103,-0.0003857639214538411,0.0007681796954406295,0.023562719194635706,0.0294299597224974,0.010207074466072052,-0.004383652148996164,0.010046550087617678,0.0064516274746955204,0.010395404685711984,0.033563228297593506,0.021856315173097496,0.002587114049801942,-0.006474824747772057,-0.0059832555802654674,0.01136222200456527,-0.0005653265016712927,-0.008936708473383237,0.01635449926213539,0.003373750652917673,0.014316578986969253,0.01188875406029588,0.0060419962243181136,0.000709726255148535,0.009899129355249059,-0.0012487002441788908,0.03645444153146693,0.004264767981361217,0.0016211609479681588,-0.002982753417122619
0.016024473911425474,0.015264192066114735,0.01395221168040428,0.012070898611228342,0.0032672477745658846,0.0023988622704596008,0.023180498951005823,-0.0137291692729814,0.009259155365754612,0.025677091983789424,0.0017622021155432321,0.02823224958183701,0.012580053021954196,0.02257536145954986,0.009491832957348345,-0.007922170288335417,-0.0035355372702579047,0.011371174736962697,0.01488750340438627,0.030012485095533448,-0.01636308970619149,0.030707660972236983,-0.00857170543975927,0.0020634115916435825,0.029992368386846824,0.020346226966436287,0.03914826010313699,0.017253602219726716,0.010635743190146707,-0.02538123464544384
-0.002357161460252888,0.0033180160399171044,0.02858923333961183,0.002802533316105915,-0.0007712759975456729,0.009185336148555212,-0.01544104882214592,-0.015624915625213176,-0.004554965112088194,-0.002829278861176454,0.0033705304260920332,-0.016847579840027826,-0.0070081931341555714,-0.01232985556475108,0.0017200003173958311,0.01249442902843323,-0.012915189774408975,0.012718403235361553,-0.022159813958032015,0.0006045035943686994,0.0036496797965830385,-0.010492288583524911,0.0023679047425748667,-0.010745782325991549,-0.008838704410814135,-0.002636386815589531,-0.0011773406795907437,0.00858272354551004,-0.004804419893959744,-0.0013863017752311357
-0.005112222817020617,0.02128899667081674,0.00021648217457226338,-0.007344249317043028,0.008876847393789244,-0.023257471469598112,0.03886531720425479,-0.044733308218530166,0.008958503186556444,-0.007909840171368976,-0.02205570262288692,-0.0023481034417670577,-0.0013821092480074126,0.011007572941025057,0.010989029572067155,-0.01247633990874153,0.005319858972460789,-6.481832929705611e-05,-0.02719436009777465,0.017520486269448687,-0.004421169114183443,0.007592673711625864,-0.008625390714084524,0.004032713443928193,-0.0010417742568639143,-0.011169545820081672,0.11978341510372204,-0.0029522716962657736,0.01701156070216081,-0.006112367982216593
-0.0030225879499951036,-0.012986209367779833,0.0019911124801876845,0.005172485322454845,-0.012114217934506288,0.011893406193297595,0.006310829614057711,0.011329416577998463,-0.00785686511916972,0.01005288244047886,0.00032856591793284373,-0.011718163920998559,-0.0017068851060796364,-0.001126318651497038,-0.0022079336478963985,0.003580195581640133,-0.011298601713726208,-0.0007444038558250821,0.00308422262784136,0.00011880294597843566,-0.005901872517995788,0.005976364049477212,0.008644955017783396,0.008810671170698336,-0.015230426697098842,-0.002522558297252231,0.014736442947001605,-0.005022283654019355,0.0033906158874650316,0.006999982993387555
-0.0014292032878627792,0.010013046077945509,-0.01503309388634011,-0.003094012602253393,-0.031883324922977296,0.008360753480363803,0.008320694574355025,-0.002837852025641574,-0.010481120098521757,-0.0024024998915892493,-0.013106178012531444,0.03166974210005424,0.0015711646919138733,0.007642574108764899,0.008794368992224078,-0.0029841460470685366,0.014465488446609331,0.007223692795124803,0.009681994670573069,0.008430289219206966,-0.01417525451919599,-0.007103284239233787,-0.03499800104375028,0.017210360778896927,0.025303066986129163,0.01491012714846085,-0.013776865023142681,-0.0008459957037758592,0.012390097237800823,0.005858979475428239
-0.019734590701623533,0.0030451884344278035,-0.01842023178556884,0.0075138941673740245,0.002755533854166714,0.01081494188655241,0.0018292580209025022,0.005242462891890343,0.008026232035432512,0.006622571243277253,-0.0009704457046670889,-0.013408732827859815,0.0011996518698778047,0.005263525451841833,0.005849322420032443,0.005435752313595499,0.008127817581553343,0.00691486212064496,0.0026564950417036215,-0.0031790113357700323,-0.007944764306750618,-0.008064419962241165,-0.0013664290809751733,0.007007526374451567,-0.002174278390788986,0.020530240335520533,-0.014462315856912822,0.004321694018158073,0.0026703313693186015,0.01263706273243681
-0.004911316333835347,-0.002327447866851684,-0.008310623433453235,-0.0007457557402097414,-0.005141336886909431,-0.006419538199366692,-0.0025157050180016904,-0.0013410348812421535,0.015206958004391646,-0.007091615848746513,-0.006563086312412536,-0.0100562252601889,0.0019355017298532395,-0.012987045208808778,0.000503195031942516,-0.0026346876526297525,-0.0005656160357989659,0.0004471479369463349,-0.0023909366253896946,0.01677285607355472,-0.0012874093598198577,-0.0010490399964709907,-0.0023945663416949925,-0.0048900514529339745,-0.0089070365480175,0.001931722042211037,0.01170630005436668,-0.0006978501351466715,-0.0006659605415934022,-0.044945011019305925
0.012716805363276906,0.0011587908447401318,0.031043025385826706,0.03566208991002129,0.025216021714440373,0.0425470907374208,0.010006846589323493,0.004476389013011062,0.0169076822360561,0.02280357753772888,0.036231545246615315,0.0379431189818491,0.024882634550768223,0.011236475761350562,0.002011941634051162,0.016365191523697753,-0.007500915371366101,0.0027138045402550492,0.02811240393824277,0.014986190671496313,0.005929802111420912,0.02887884402627794,0.017202090813873028,-0.0003778712880312396,0.02492720273393001,0.004983168764371104,0.013416949871161155,0.018476032038114765,-0.013102244347309,-0.011535295272731894
-0.002634298654397349,-0.017874140710890107,-0.003932852258726194,-0.010527687391852503,-0.014123066525987715,-0.007735228252429227,-0.0016914744015442684,-0.0026739332991821962,0.00012646921971648517,-0.009675260342502434,-0.004178469888061143,-0.009423710192850931,-0.00996271849155772,-0.010987649371435482,-0.00490821416602083,-0.004523258598220448,-0.01711106620542746,-0.002005971254072092,-0.01354514434299281,-0.023577945343693396,-0.005855335195253941,0.010079188098223835,0.010225232930471728,-0.015882152437415753,-0.015901068494456938,-0.014296652522732267,-0.008327402683457774,-0.0034853310333556875,-0.004725589413814069,-0.007848849306428818
0.009464670754514737,0.0038477399985581417,0.0033781006590050122,0.015199611479661757,0.03508620304661947,-0.0024056821245279636,-0.016661973065914548,0.018617842145908003,-0.005309656772062743,-0.0005096967340322278,0.013752152143215346,-0.003325851295951976,0.008839108986000932,0.013365149224961348,-0.003500609569070834,0.012444823159558416,-0.002901378901357221,-0.0015951652150967277,0.004619910505592628,-0.0037511144422539555,-0.00440250800265396,-0.00656817656580666,0.01090037658917331,-0.0011525422922570305,-0.0014714300738254416,-0.005324108083792689,-0.014531321843984979,0.0067655985389398765,-0.006104398605940919,-0.000208042065802716
0.005145914812595631,-0.005559628001561623,0.0017926124405795996,0.005801571628369029,0.003364107141221151,0.003269490897523264,0.026339557357003107,0.00073125188598544,0.01194708376344722,0.0037398344896528712,0.0009612912656251638,0.0017174600117717542,-0.00588604299531692,0.009108405041465595,0.0016996864344431817,0.0023780648098361556,0.0014549106978807291,-0.00482538547425726,-0.0002556179416266513,-0.010824772226525115,0.00936175319339494,-0.007501533102367008,-0.0009351413404258269,0.006347289134572165,0.002565056670168042,0.004872895554205003,0.011483464874622928,-0.002363389218976941,0.007051935996429837,0.00031232742633591215
0.008980837064874514,-0.008195359434276517,0.0108240705271474,0.014048148263677396,0.00229186213442234,0.005177070663419769,0.01746877847210082,0.014465169394746846,0.0005024115755627445,-0.0038105871816621617,0.0020675945649153427,-0.0019350281765055932,0.00045207317830087135,0.0036350676671259574,-0.007579464045506246,0.005981026202280582,-0.006828417742334447,0.0025367955484949523,0.0065803047154884275,-0.010229504838480619,0.005722875409566175,-0.0017936119109923654,-0.007874540490031334,-0.008346181993419965,-0.0033206518410525687,-0.007090214940819184,-0.005232127869390979,-0.0013986361373573564,-0.007680218068846001,0.000312229908372208
-0.0018060015285242814,0.007352651955439216,-0.011226278216735164,0.01311978913364742,-0.006266984092893613,-0.03649031154606508,0.006757591594717338,-0.004897045167821856,0.008034059601368604,0.006290348339604179,-0.0026364293822458418,-0.0016689960159770312,-0.0083579109296964,-0.00911563341774746,0.009803236650979263,0.001162498920184163,0.00921584524668817,0.004227934358179253,-0.012884065877380335,0.010936100307388008,-0.005788381951071675,-0.007058416721480998,-0.03324642868305783,0.008930324578649174,-0.0009558295724979571,0.004550913689591596,0.025075106893590382,0.005487999478718031,0.0068289940320527265,0.009052080208156399
-0.010424716908628007,-0.0027456575583623133,-0.015982548742835667,-0.0003019526924068483,0.011505080498112275,-0.007135387364607282,-0.013229265420017566,-0.01867124164790057,0.007658813150259958,-0.0009292093765472798,-0.01932240004931185,-0.0011308579980855438,-0.008656006653740222,-0.008172869624202717,0.0050234626629763746,-0.0057062095590592055,0.0010146446670309395,0.012797750370145522,-0.008101255499627591,0.01616741480308792,-0.0030985586346867766,-0.034818756055121525,-0.019520005102879878,0.006049515926391358,-0.01342148417928124,0.006776909951028642,-0.0034530345771007775,-0.004861042033624141,-0.009721813291394432,0.008970954118887375
0.03808984120498149,-0.0106999556572972,0.0028845707190781056,-0.022555582996266144,-0.021063273642059066,-0.002235234237285222,0.014197653198695148,-0.0019175019859311027,-0.023296079182504315,-0.007525146927730653,-0.00039678394924136384,0.0034456249509715597,-0.01654408791942119,0.010766072931791548,-0.0003369920129338011,-0.0006341149504325294,-0.0010136162067524435,0.0019953130479766212,-0.014714510419664206,-0.015208235801788095,0.00045537194199019027,0.006057261675764369,-0.0009367869432114206,0.001139217222308142,0.005846163516243008,0.01170660071475016,-0.00297928194341035,0.0022851925161784248,-0.0013697793002223069,0.016249394919366056
0.005493363876168944,-0.013211184662857978,0.042877945692648245,0.021438930941193313,-0.0070143938745267365,0.012285599299203032,-0.048508594461270094,0.00472884359561343,-0.002340865410490278,0.012182633029172774,0.025104035712070205,0.01549058620303323,0.005420516001428677,0.012617779256691053,0.004269715366474136,0.01439024881906703,-0.010726082209493892,0.0018962026865327886,0.023157932473431897,-0.0015442447126636782,0.005184547565648234,0.008161642359506116,0.006095406083867605,0.006448903184564259,0.0075751696504777755,0.010413994286269324,0.008120053614880662,0.00034206721074880875,0.010059376226698724,0.014983845950347963
-0.00037540658420298634,0.012638383029464073,-0.014214150326010255,-0.0133979346602765,-0.004940409055897876,0.0068058954301604135,0.027662771413586862,-0.01603167606230549,-0.025556410305558108,-0.007575053777121532,-0.014274222697568617,0.01763461644331832,-0.004229386438486582,0.005461566649166638,-0.0018461549621611173,-0.03107106413841898,-0.004249234677473845,-0.00823369345556646,-0.001414598934181055,0.007852380828641703,-0.025533004123011738,-0.019110745987783506,-0.027030129068697395,0.005213766365136374,0.018180285195110057,-0.015066428363393003,0.016141622257128896,-0.022137371459839406,0.004527021321731661,-0.004161244209362036
-0.007551389041256629,-0.012163244276670704,0.015107797009308976,-0.0024828865451348436,0.005835966788592106,-0.0007090599282166821,0.006021750231562262,-0.00029908488606589234,0.0022126110107765218,0.007887321851745233,0.004930771902351472,0.0023629919314198666,0.0023337583892002467,0.03041886331863508,-0.0016812066412507098,-0.004993580013395338,-0.007798578958748026,-0.0050257932915052095,-0.008370862108698418,-0.007319071735330973,0.006464623177218298,0.003247232657548116,0.007723497933343371,-0.006311682705362753,0.0075182306907783936,-0.002688716354447007,0.015409344454560436,-0.0026805812395737094,-0.02388461522140306,0.017610087436122912
-0.014839416284502027,-0.0007852200576726753,0.010176429751274751,-0.003288191982165567,-0.006191784778857179,-0.011093244450384732,-0.0008324854146218863,0.006877994281233812,0.005519618938085946,-0.012369509527424327,0.029749998212978745,-0.01095390632679405,-0.0025612409439116357,0.011792694840183193,-0.0065681982900844815,0.01686526791348708,0.006377030067864942,-0.0008950770171877176,-0.0059741283697930525,0.006183869268049369,0.00042153075513740035,-0.007417505901816779,0.014556426417988044,0.002830114496967351,-0.036910718757365846,-0.0033882908416262847,0.0864013966094821,0.004937215766578573,0.00577088432998174,9.781766981076245e-05
-0.03225946602106422,-0.005214889805938316,-0.03320182790348514,-0.0030523658324702607,-0.008713837411861602,0.01152864327308345,-0.03764973002819705,0.011731535786679848,0.018985935717867664,-0.013461766881853299,0.00740916103659317,-0.005080179587028444,-0.01167128754148783,-0.008606328494135784,-0.00661171198858812,0.009031400700278969,-0.0005895172529138959,-0.021054586477157966,0.0032011008070225166,-0.006854941713427376,0.003932485859952983,0.008831613983520059,0.03847514721289991,-0.013232198281220353,-0.01087493452041377,-0.00044039637931425624,-0.003276708690746699,-0.017064372461737864,-0.00183601356612062,-0.018379160972739728
0.014286365271970913,0.015152077489313465,-0.0016498279850283293,0.018462922947328764,-0.033095985574435494,0.020027913908637007,0.015294603068664703,-0.006458230180966695,0.002915290399457593,0.011140887009553513,0.019686056671325725,0.024659474799982872,0.01705248222432143,0.0005060771607587888,0.015416051071399206,0.016703304356282755,-0.0029488651880349437,0.008138844006650325,0.0384189385135405,0.013328562341559547,0.0012790734278176341,0.0010773849711978034,-0.0008459006393353175,0.008134804259991135,0.03141692190907408,0.026071277186020536,0.019695415217630963,0.015881852228469828,0.014945832689153393,0.022308542452712965
0.01756300955560164,-0.02242417973233246,-0.007827802024989672,-0.012176613150219118,-0.018409941136547037,0.00032456119703061503,-0.014292735148467073,-0.01713690694165304,-0.007203686148127386,-0.00956610339886188,-0.005951071828604881,-0.0017241235778171493,-0.01788122015017024,-0.013890539937238544,-0.002464952563803191,0.004418122916877154,-0.009021008364612282,-0.009823994481178655,-0.010033373147386837,-0.027480951540852283,0.01774414523211698,-0.017893210150750627,0.003668730192814884,-0.004602087152269285,-0.023272125311623038,-0.0017894414699897165,-0.0031107604291537028,-0.011819773806026723,-0.0038513736166473356,0.008183186600864145
0.01123583763910907,-0.007200085726503547,0.014376501718361023,0.005994337646255898,-0.0008798853350842073,0.010242896182574457,-0.0009885746165195775,0.007365008182241173,0.001272908586202659,-0.0029320462755262344,0.008589127173623812,4.725571574715204e-05,0.0013241913458041932,0.011047979990163714,-0.0037066520506748857,0.006483834197612559,-0.00436101868855121,-0.010903732888870588,-0.007664479759029952,-0.011951257970435836,0.010707959006712509,0.00041101694825518287,-0.0003935692872465424,-0.006776380425967732,-0.008386660177232441,-0.009428799598541815,-0.0068797004775494885,-0.0011196456420391465,-0.002274321212125674,0.0019325914357508633
0.006125935389198034,-0.004810507053293778,0.011320962964584513,-0.0006722304261529422,-0.0033835259677360563,0.010850126418736394,-0.013236060632832891,-0.001342835670716358,0.014175838193935864,-0.0033730825699044287,-0.0015633794891319885,-0.0029806999513567467,-0.0037310159143477684,0.00499530837371287,-0.005298632641247858,0.0009388810206107934,0.00045309576689622766,0.004038825378188893,-0.0010212948926608956,0.0008639460116979247,-0.012263262823754228,-0.0038340529348438457,-0.016146299893558758,0.007779229339258897,-0.01086586512206078,-0.01574375509437309,-0.023312029816557667,0.0028905012096924754,-0.00296316539353092,-0.002603980811839768
0.003527220020250743,0.005968988549456045,-0.010382430689534927,0.027397238370712174,-0.0018137818895875846,0.02266998345550375,0.013880576185170579,0.01180340045875461,0.003447474740865708,0.007550030576074063,0.011062522420266285,-0.010558758451177597,0.003460547232151834,0.006057773515523612,0.0041935116441138565,0.008279678117774747,0.012077276350248578,0.005539163802775304,-0.008562310450736077,0.0006166672019847219,0.0019251529153794245,-0.0060481139962397235,-0.0262466362492908,0.01442568282041834,-0.00846543909756603,0.011325608269617371,0.005385887945720036,0.01814548958461848,0.010745251115680254,0.008218850943068734
-0.004644573125239804,0.004076971381100636,-0.0016837898189709932,0.016874957545059965,0.004798950546822445,0.03616910190564693,0.008546365697586378,0.014176055849109526,-0.007808268811857921,-0.010680447240130841,0.012704298785406465,0.001151021374829586,-0.006991713075633843,0.02285018779368997,-0.01715570480217732,0.004747428670631493,-0.00865155275847862,-0.012558431407800996,0.001546752276576191,0.00480648573688347,-0.003078267683711111,-0.0029042520340506472,0.034940451119733984,-0.018773640056995333,-0.001856059166995938,0.010435255497392992,-0.01987648165682543,-0.023165790109303308,-0.012214500130514172,-0.006425545545780897
0.03203293872010393,0.03473160731101732,0.0010811746080494622,-0.001609787537034113,-4.641456670229083e-05,-0.0008993624577861015,0.01150314853217882,-0.006843341918575718,-0.016557383014800697,-0.009576859429411555,0.0008578551627702602,-0.004287648630116547,-0.0039486549492583345,0.0052829020605345,0.011655978621782914,0.004948490701439878,-0.0004513913865956676,0.0041176268567892915,0.007722114808287772,-0.0002452976301682286,0.018644826284158533,-0.01678215243692882,0.0024397346321005653,-0.008136453353053352,-0.007895662542382276,-0.0032385287997028778,0.005585055793687399,0.010142507572608928,-0.004350684873185462,-0.01225864466930271
0.04309567281585802,0.002067189962981608,-0.016632067201427403,-0.0004102870783195822,-0.016508220075826197,0.011917515046484084,0.010522444510435047,-0.006743882381577415,-0.0010243136350607251,-0.010548565940589394,0.0006956535060338442,-0.008876804115467873,-0.0017672134453938781,0.018656186043343403,-0.011237889529235434,-0.007433693706560329,-0.003311737190672459,0.0020172401647033933,-0.017496841511556727,-0.013617929379744043,-0.006719030452662422,0.005501494733190171,0.039282375453410845,-0.019033526425211278,-0.0011245149474033989,-0.0032130835911271527,0.013692114918348874,0.008050044677622381,-0.007359716039796127,0.004788327865033359
-0.006443258425658294,0.002832194147000866,-0.030400202172415014,0.0014370452401326617,0.02003866317781977,-0.001779271095363577,-0.02054544656830848,-0.0030996747906592015,0.008779191921370222,-0.0027540013131969188,0.0009434776804686518,-0.0026455626055192916,0.0014833251418011617,0.003205942849812571,0.013604161204033405,0.0009600533380582643,0.0075516740065921795,0.0006600553802562636,0.015793401289416087,-0.005472683871158068,-0.010146662244378102,-0.004910255868094127,-0.028212036426306986,-0.003723727597508275,-0.005658020310606138,0.0005433653795288151,0.01872256726825139,-0.01643617043048251,0.004402187046854467,-0.002917702694134605
-0.008332350414175016,-0.026463465875824266,-0.0022654160880354324,-0.0028992423865723538,-0.005731673547957006,-0.003119306999462168,0.005438381228606959,-0.0032572657553689988,0.011180250612437437,0.010512211751561251,-0.017226440987896274,-0.0027744072780220286,-0.003392104846450583,-0.01730093176390357,0.0006230697906355331,0.0021744825208791507,-0.003897475407695472,0.003760078347948115,-0.010813102184741408,-0.00362675002249091,0.0018065456770510746,0.00408857054873657,-0.008182476268150385,-0.000524613878604363,-0.0043258241663372,0.0014478906299393302,0.011849634981766721,-5.916523819704533e-05,-0.003921559927880125,0.002048465556277801
0.018072966979806315,-0.028794624796473545,-0.00935476479077324,-0.0008812004635291304,-0.007298964573079547,-0.012920667406418396,-0.02009036210830628,0.00787278706434913,0.00967470214895938,-0.003879037467273805,0.0029403589871122016,-0.005661592512481661,-0.004314528398381534,0.051994208741174,0.005885902709089619,9.562611296254353e-05,-0.007072824069045525,-0.006670499190838286,-0.010155275328696867,-0.02598229110366579,-0.006115801241625585,-0.027801306344617194,0.00406859508864299,-0.0017714250499278883,-0.008339103333871445,-0.008819607891954684,-0.01776528122824861,-0.01107233477853431,0.00393699910580958,0.0031149623336534926
-0.005489100657377954,0.006637808449302618,0.007471945580644679,0.004409345780364449,0.03620098239933367,0.00439923108056095,0.010292621447629768,-0.009285090775535298,-0.0034843016424387363,0.004248180713142702,0.009751436852950768,0.006479262830181076,0.0023592068563729196,0.01019752817566344,0.011140603322099318,0.00832657857393615,-0.004698583659879518,0.009725513039910094,-0.0014376163813429876,0.012371187158882302,0.008737149193587035,0.0010110075582778766,0.00281385463560313,0.0023003892598731923,0.005322031970230734,0.01290951843181265,-0.004282981023604027,0.007285135969626877,0.0059976962013943425,0.0010674339642782193
-0.004031962461707783,0.0036265341033991927,0.01087450815780766,0.0018438961249642727,-0.018891768867200787,0.012560020307219144,0.006860342184404455,0.0074381802115737194,-0.025349633853105846,0.011544874837107644,0.002006074697527227,-0.00802273727164049,0.0052356185586623916,-0.015862955526737665,0.010628124065019229,-0.0011705499850999113,0.00563428993752102,-0.007371240963956582,0.008310933515352392,0.0002546699020236076,0.0061392016521393256,0.00346285849250072,0.020539921884648038,0.006754023164391665,0.0029539336093447055,-0.004536424409255724,0.0031969431435792117,0.008269831146639595,-0.008254942026680423,-0.0007754945792238788
0.0007861150085717306,0.030039883509021426,-0.011702709034319914,-0.029651390939807287,-0.005758245759426628,0.011747052097658583,-0.033047737760502294,0.010336521221694595,-0.005189154466549439,-0.002439414644879623,-0.009662774810487273,-0.003957617284544579,0.005829400506413451,0.00843465943213717,0.020922807702298263,-0.0008236504387522103,0.004239819016715662,0.0029704529948459957,0.007139097920130899,0.06808342562479108,0.006510017339799168,0.0025880980163359713,0.026010341701790507,0.0007816415924846165,0.009739877184340662,0.009837289260521853,0.000347665599511382,0.003586563035628876,0.016184999802662636,-0.00019411700618066074
0.0032203416899190263,0.05776041129752163,0.004827606336181178,-0.010838256544330016,-0.0029189865980988605,0.0076914931638136785,-0.005527427807913932,0.004823284936442018,-0.00457200761499621,-0.013537166649023824,-0.013612010469943425,-0.020163407019647583,-0.0015201856724347262,0.015345851773686414,0.0033977553384705317,-0.014963669335741447,0.006936101179547682,-0.01108967447592979,0.0052842300980604495,0.0738710475570008,0.003398079103759999,0.06410424805989146,0.0035374376225016935,-0.003058962963917833,-0.014555611736673302,-0.007091235549588126,0.008688170924598282,0.01889383706606762,-0.002730481782474259,-0.010673379324903642
0.00657662791005964,-0.003685066042546148,0.008067800117406154,0.0058437644028617175,0.010362433825105377,0.02027785269095017,0.013534713020034728,-0.006400101473555853,-0.00782766497960763,-0.0071713268787424456,-0.007803825416929477,-0.005062653303847586,0.003949108888469777,0.0008028395939847499,-0.0003762868429210142,-0.010170369787239508,-0.010182703201128795,-0.002129475916139989,0.01794886899558623,-0.006878906544297014,-0.007638978318490808,0.0049866022563875845,0.00881217616136909,-0.007376847053014113,0.007854243722786203,0.010099741869235901,0.01556134252314445,-0.00540489209023487,-0.00981062664757193,-0.0025500392611377265
0.003461279462880995,0.0016476226957555795,-0.013039023009411066,-0.0007262731909696285,-0.0051970273747302675,0.014839855848689965,0.006195554389071933,0.00029461510818995507,0.0011737167894732004,0.0029428134979274656,0.013600477853771942,0.00012657435166851805,-0.009288718896625747,0.005754754835776588,0.014302622440732327,0.008063892607071521,0.00832073582184556,0.003668159386163161,-0.0008816145323420344,-0.003575034547034006,0.003121608690878075,-0.03540299975248751,-0.006723442800848245,0.0014469070009353047,0.007851067901949449,0.016140384704918187,0.018319535320278746,0.011244422030117995,0.006221141058940116,0.0036382374690402397
-0.005154576259537191,-0.012655738399798167,0.00633228292302257,0.0052992300361174305,0.015857571092870115,-0.004961290522145667,0.022549510878423717,0.01457620052088604,0.0030608302210259897,0.002489517229114613,0.008607952163941945,-0.014504195404813292,-0.00023918876565987013,0.00364118217276177,-0.002544487199452772,0.0021066049565436895,-0.008252072506535924,-0.01641310455336842,-0.0172067015257773,-0.004372667905380601,0.02168765904212222,-0.010565815369763754,-0.011086325894108073,-0.01221523893689469,-0.027957238997766587,-0.006430824734280471,-0.003970082936198938,-0.0016008090142092257,-0.05106475983790082,0.006172189512141157
-0.0008181444267610916,0.0048279502787307305,0.003983725247293846,-0.012108795521830307,0.00951172637927522,-0.017501752194004516,-0.024574785144477418,0.001160739995248239,0.005778469868785718,-0.0019512160561333536,-0.008948586372694578,-0.006472591890290813,-9.562008331864824e-05,0.01537558958278118,0.003879590353589313,-0.004819040811961939,0.01043877960512729,0.0009458550639276364,-0.0038478350917664494,-0.013400918860791422,-0.008683906700529431,-0.03175487489381634,-0.002694803694029413,0.014161290873500931,0.0002671561617848539,0.007922552061490507,0.013629944142756312,0.008990027699615988,-0.0009651919786377583,0.005258016124930931
0.006160270999708617,-0.003112937198191057,0.015510877718191152,-0.01265347194144295,0.015778558671149412,0.03166163085629625,0.0028780324695591997,0.01942320695466626,-0.007552712086934199,-0.005687349752488191,-0.016640264517596592,-0.007807415277913399,0.0041630433684420876,-0.015006661109266295,0.004235390074081025,-0.011895246207542787,-0.01003141927151352,-0.006479600453289658,0.004313303287703407,-0.013811217118098296,0.001660362669058335,0.002611910500313064,0.021995224919487466,-0.012127881741435975,0.0016913855051727822,-0.007755070594029245,0.017213892658413554,-0.0030078546784073623,-0.001932442521788147,-0.0032932426196438103
-0.015577801150541859,0.0027493296847878046,0.01118907849570383,0.001914532168320049,-0.041363425444984836,-0.0035052464449614185,0.020380213559861415,-0.005260963712848454,-0.01365952784699076,-0.008043680936346442,0.0044429162956030055,-0.01589415989001819,-0.026780999026847496,-0.0042492498031353465,0.007327693090584564,0.004933811144375078,0.0037810934330673174,-0.0020039672469328584,-0.019999903299643074,0.012731456663783502,-0.004667933745094888,-0.014907959887606848,0.018296257179543973,-0.0007300341213163364,-0.012886242166723183,-0.029530355488513016,-0.0060283574268149565,-0.012294978319446148,-0.011858569927412965,-0.010981585066747623
-0.034522045132806656,-0.017939967827186987,-0.049925397829666096,-0.022742668402681132,-0.024398167928059933,-0.018106929074981792,-0.014877974887695156,-0.028873657616933612,-0.018069018051448782,-0.016217605170522176,-0.020001018241705304,-0.0051364925767195535,-0.016256163320417683,-0.03611707550642518,-0.0018840166394540336,-0.015186715723217503,0.010094782017909809,0.010891382071654299,-0.027014677831978973,-0.017257177290678327,-0.02189895346520787,-0.04172787214130447,-0.04886534322137259,-0.005910413047571006,-0.0012304197972650144,-0.015633563691198726,-0.0358726586802568,-0.009768433119912379,-0.007224809244584018,0.0006878539431200981
0.009744359001401026,0.007824042043399038,0.017100394188331425,0.021690972881117876,0.022920333739766097,0.02739675733107161,0.029253637289512024,-0.007065123129716855,0.02041636536169822,0.009890985033242705,0.029331754792454312,0.009633969398812114,0.00995461510825657,-0.0021596559124495984,0.0009437054868310923,0.023530223762412872,-0.003579889201598352,0.010437261521520469,0.015798356894719312,-0.0033724263512782127,0.006047390990968848,0.03311860940331779,0.02817212030804872,-0.014696981240797435,-0.0019530978335011717,0.0009624986396381541,0.011734931563918582,-0.0010184270019575337,-0.0025093585680138197,0.0027493740566657543
0.0004441421356069508,0.004959016905301539,-0.016721987604375044,0.03011261262330578,-0.005845214887300387,0.0449915990512757,-0.03610049888498479,0.017788428507623744,0.002961600605568382,0.008161782903624015,-0.02036150547709681,0.022010252922705753,0.02809125574534832,-0.003859770288451969,-0.0002618438448380722,-0.01912528477724018,0.010628747611800327,0.014827940220387914,0.00946386315672365,-0.011668638032075296,-0.0009337311959395356,0.003858683115270267,-0.044020911827305276,0.011322709388233987,0.009362998256372768,0.01945425635710163,0.003540911477817321,0.014797508691829275,0.02012576671734667,0.04984334778517052
0.006336473629484196,0.011808661391200292,-0.003789417568938358,-0.0065795210666904635,-0.0013999208935399077,0.012474766479066757,-0.013304466082599276,0.012525412040084172,-0.0018373299938114762,0.004857410679449448,-0.003671744725541992,0.0014959329571941904,-0.029289026614661706,0.016657677940459026,0.0016767086651354735,0.01195050884675486,-0.006369466893748732,0.0022655433761340493,0.006162696561722747,-0.006965728156219431,-0.00027263008733469096,0.012123002315063358,-0.0011108615216387507,-0.011665386627636498,-0.007575941145161025,-0.022456972613165038,0.003389493422001788,-0.007721397823672316,-0.004192317145319091,0.016976015798874533
-0.007579986804138628,-0.005078579542432404,-0.00510277898660183,-0.022802861023880405,-0.009859815936222205,0.012938794590303004,0.03981742518556075,-0.006185288887345708,-0.0026297056151395326,-0.01638171760435414,-0.012813554994297038,-0.002343509243841968,0.0033086397081705243,-0.017025815233371877,0.0049693789548146405,-0.023389754519057115,0.007602843429076467,0.00026204716586031296,-0.013422714452499651,-0.002258938848937464,-0.0035447995371724605,-0.02366352118713766,0.011010395836064779,0.014787773920269087,-0.00381702528903638,-0.029244728671351194,-0.012404706130870857,-0.029766671662864286,-0.0004952844568771875,-0.023479713576653016
0.019559457191237417,0.010141629823188003,-0.006667636156250767,0.07272831723914619,0.004955415804343666,-0.025658075904597788,-0.01186991302788043,0.015052765827683334,0.009030443046580405,0.007189661639707801,-0.00965588638173931,0.011641947343131731,-0.001033666962349189,0.01924122502044745,0.005725590608218756,-0.0032825735954961077,0.012575870224261765,0.00903942154820303,0.008123551589712008,0.010367019364855068,0.0038507309847994886,0.00792946335712097,0.007755381326113531,0.012032008811412087,-0.0021722060108859687,0.0016821495588368318,-0.0001962716204778614,0.019350200729246758,0.004707582710155034,0.011834304625507386
0.0394388237214669,0.01512662189131353,0.016147214372026486,0.008251193176617821,0.018221117865724334,0.01067404475860867,0.04607535767096915,0.007414990043849379,0.009145444391734925,0.011656305590969307,0.016716111505242548,-0.007680449860105187,0.015126136891667974,0.008425716582531217,0.002587717668808942,0.01613111159411096,0.0,-0.0010386265879388512,0.014019999757969748,0.018044513664437378,0.006250022375636322,0.0037109156976460334,-0.0031656175965260047,0.003698876364988557,0.001511785998581372,0.01236590429856177,0.0220976117276952,0.007370743788009504,0.006165246560318138,-0.00631204267201102
0.002021049273656983,-0.0072198206487299466,0.025637486886977978,0.016424314260582884,0.0020292739034883933,-0.01229329488681763,0.03590523382195321,0.0009907974921046225,-0.004466582876004543,0.020900371839025267,-0.005685659334938253,0.005168490977145002,0.014803668242633794,-0.00564078555821379,-0.009498180865394223,-0.01742959685911194,0.04061944348965052,-0.0009422057625717573,0.07662476042113364,0.015060293978720107,0.0016835817454483593,0.01094345242823791,-0.008103403516373953,-0.002237582982678843,0.021736579251178778,0.015419450819511571,0.0024418114919828593,0.008129792700962257,-0.012254938403795435,-0.007753450756817881
-0.016440179021178225,-0.017134973202678205,-0.018375903497213075,-0.00906477835184405,-0.003083854303072009,-0.020470857474421345,-0.0257012264992712,-0.0008483832301896532,0.0115743257022487,-0.01067371966973929,-0.0189465339443331,-0.0049372825582175706,-0.011813681544291077,0.019358325199161808,0.0055242982636736215,-0.010030508243946468,-0.005756889617743233,0.008553312542351588,0.0035405834143218406,-0.00011412414583822361,0.005563554532507453,0.010532605727717748,-0.004857555235790012,0.003825373305852864,-0.013680491424839403,-0.0031558173694854474,-0.010619500822956707,-0.005328147091312241,-0.012406887495520658,0.008661307779223915
0.004372053262009956,-0.01043987176954908,0.014406971477930908,0.008323817099689101,0.005448118355057652,0.012823313409712878,-0.006195521428924544,-0.005519500788203846,0.006363651294903239,-0.0004421949333834885,0.008299910407540079,-0.010129287850426993,0.0680509522815893,-0.008730134792044653,-0.002436091698245657,0.001462085409841718,-0.01228629426473904,-0.010125380340142875,0.026131757282298773,-0.004908163816039202,3.838360290164822e-05,0.008685576621523472,0.010428209748937878,6.58839289882085e-05,-0.006171164874871238,0.002271909952791251,-0.002876897414869295,0.0017372683498027008,-0.035175844581236126,-0.0026134394753987156
0.012481779466614773,-0.003858039122452528,0.01411194729592502,0.0074099264902927064,0.01643937071597601,0.004284337760635193,-0.0008625895299329001,0.005123116898965829,-0.006387300235154991,-0.011943661596639843,0.0440873911107742,0.004285300708662287,-0.020528490455662296,0.07880699312118278,-0.010754940847464423,0.020031119674333464,-0.0032885488111473737,-0.0038440159436852195,-0.018065293366248514,0.0035558821298695698,0.00585904386582925,-0.008180297537968673,0.0225075935807193,0.00884524976141532,0.00678223279375989,0.0029356925525099165,0.005687333166349395,0.004104608349296379,0.010937478521327648,-0.006457057531406907
0.02279127405766279,-0.0020564605393894597,0.012309863182682124,0.011494704606617168,0.007454230182911026,0.008302614444028134,0.0025114795074010487,0.010760245462435591,-0.0017999889028059712,0.005909662664694171,0.007794487930696814,-0.003646418108482874,-0.00495035559382917,0.018311314427406966,-0.0005251439950185732,0.012348539203512088,0.005020786036435521,0.013767658335037014,-0.000593525700704256,0.005829245708381503,0.015106808844357555,-0.007524292149076239,0.028079142713459238,-0.004918307026109736,0.006227498654416852,0.001667436106491671,0.009599978544670984,0.001266641427924764,0.010561499781676975,-0.01601200707517525
0.0007068103233436318,0.003193991991476075,0.010045375014470892,-0.0017696457399978271,0.0014798288388102598,-0.004933050953889517,-0.004736412815315005,0.01722939058769324,-0.007405884533178697,-0.00614200838087986,0.0026583837551279466,0.0012458973028779408,-0.0030687639343982553,-0.0016607798302138432,-0.017708930670286338,0.003978375289924285,0.0014274700985426048,-0.01161302902764294,-0.00932298252808006,-0.011022768372998315,0.01984868712814336,-0.016912107815236666,0.04981984937812545,-0.0024384451595425016,0.05465972412766429,-0.008174978271831113,0.005082296401048847,-0.00264512975812381,0.002294265911725102,-0.012443858728398927
0.0026022346664624774,-0.0010955681935574946,0.0045801659836763875,-0.007783332950901722,-0.043657367662476965,0.1163460306936146,-0.01101228780584984,-0.01776375313802203,0.006293413855821051,-0.012628784258165715,-0.011400221034146174,-0.019986982610884274,-0.00708925771499147,-0.01394891683126187,-0.0017653014539622536,0.0004913027605584208,-0.025798306633985746,-0.013217921238177222,-0.013187074579803393,-0.005170491458103332,-0.0009593535958009047,-0.0308468044671093,0.029896025705414164,-0.017176422073476916,-0.024601510486142786,-0.0008204399411356755,-0.03419968437405807,-0.01620064370119534,0.02263467269590036,-0.006881801580970626
0.006303229091240592,0.0007884226085195234,-0.03230569840563213,0.0018424484324712775,-0.06320816501667947,-0.0039965409566035115,0.02063937177002373,0.0221506434467742,-0.010187060107190504,0.01451380063824037,0.00906694829384258,0.003994186289031809,-0.0026928676295568943,0.0060024401465690325,0.01312964918440418,0.012863612685704906,0.009217328396297964,0.0002645605833524467,0.011055031117228165,-0.003465118496523756,-0.02915704505607286,-0.006886024712197236,-0.020044469393717956,0.005444654534035864,0.006276551135173225,0.011570999010853011,-0.029583912930294387,0.010988070735935329,-0.03108679004173298,-0.0022447324339948116
-0.003795042898427692,0.022020498312792736,0.09584492754129248,0.005155027864183648,0.004698132910854191,-0.010100368987585817,0.014650392512268295,0.002743071586510659,0.027358003241464868,0.006974311526253496,-0.0009997910208903171,0.00010541662213214842,0.00609662743990369,-0.008546785664093282,-0.0009521235376207526,0.005429162640980367,-0.001159698606208459,-0.013226163766338117,0.0003003715618414837,-0.0034769876085879448,-0.01512103683912347,-0.004776599005772875,-0.0019714724306379994,0.005281409608717702,-0.008508223467536769,-0.008818873050958631,-0.009253188012993907,-0.012433779946721124,0.020020626478736592,-0.010270932333796279
-0.004882257880291285,-0.007137387528461381,0.04004585509136338,0.0024671190427041356,0.017560435301316346,-0.011554565185113552,0.0035712646694383565,0.01832853584048344,-0.02333257335863248,-0.004439737836127056,-0.004877257737270435,-0.003266674801517544,-0.017682384912555804,-0.008718041694248724,-0.013819030376839514,-0.005689031500917374,-0.01349792081876977,-0.006902824285171749,-0.02588586238718882,-0.04059093153560289,-0.0015062732980567484,-0.030035544254532476,0.0216800483053341,-0.015628032330138653,0.00202946009962357,-0.0035738623595940044,-0.02274848221832937,-0.01126959513195791,-0.0067941699853928395,0.0040520811179409755
0.003679658451690937,0.0013500021255352657,-0.018425168014886806,-0.00312488360169183,-0.03177707114653672,-0.04032669559786528,-0.026402366476757422,-0.028609727783930006,-0.004219705884881519,-0.005797343309060565,0.006759801146487998,0.012501578296371552,-0.006623823988290978,-0.012732597824259617,0.003221312462501791,-0.00032331060497625685,0.010151586370314991,0.00958260381154119,-0.009864920386005727,0.016608185925530483,-0.005222061797499733,-0.022665656932710387,-0.039588173995557474,-0.005742583508526078,-0.007695974206082368,0.03594125150340166,-0.008867919452877682,0.010092094236656912,-0.0038003258990543243,0.006693612240127322
0.0003703646251622672,0.07805864701557863,0.0035295587926045258,0.014730012888527266,-0.002171208926757373,0.039391509560969595,-0.006917199964471932,-0.003042165594513646,-0.004758956753146859,-0.0009868797092033033,0.00285781250292394,-0.02412023050917944,0.0030031442478983816,0.019677669051210822,-0.004602358505296333,0.007857713267444666,-0.0021846395615127134,0.02159022060510818,0.023226937523154634,0.0063199622791463295,-0.013940547578869977,0.014372113355102911,-0.017514626436203384,-0.009376903009480242,-0.021021687232024577,-0.0022720833067639834,-0.009340144145617901,-0.0007640010967039368,0.009409824427753843,-0.007822433237408721
-0.0013697625428008564,-0.01334954826313739,-0.028617121300727022,-0.0001913225454034384,-0.005667417998484137,0.0011069324952837079,-0.05307104711556787,-0.014701695201688292,0.0018340801920972982,-0.007812480062021954,-0.006947568910661173,-0.012759506770475437,-0.005785385677373522,0.018417688384945397,0.005214986433847768,0.005582719588749896,0.008027920728220783,-0.023751108205945615,-0.002860354127841136,0.01647124483238449,-0.019835950877711617,-0.0035421050250815656,-0.03652481390732354,0.0023322111820072156,-0.0062839644140590956,-0.0014097254942236903,-0.01885640987756121,-0.009057789488101875,0.0032753663981808234,0.00206958729652551
-0.0048188791892468386,0.014607605753607311,0.005636975040415049,0.007683309236565128,-0.009618317504572205,-0.01172386061715891,0.0025494234549263695,0.00042228083977224884,0.01360017676643932,0.002262663158987266,-0.0015744349962686366,0.005527402094206435,-0.0093919800246699,-0.019332892380163225,-0.002139276564534831,0.0025204552273638825,0.021575472933457185,0.0041889204141329905,0.0060420684440822825,0.005828787170921057,-0.0005632641778654524,-0.012926173429682941,0.0003721807128440613,0.005816646090232025,0.01948085478123751,0.012850140648416275,0.008241088474569613,-0.002789669656299898,0.005273870593257346,0.008949563886941014
0.004548721603090611,0.010805679856350725,0.01632498741700883,-0.0017908553071998012,0.0010276807338520655,0.013763031280505489,0.00762882126890263,0.014351922232425762,0.004063881585314899,0.013545191712189819,0.013810851107441735,-0.0018323392887137357,0.01030548337531667,0.01453886039484864,0.009862265704788431,0.008529449547491907,-0.0004252228417692683,-0.0018688575088871007,0.01716821920755507,0.005447409360779032,0.01847748335053323,-0.004747068863211079,0.057932501138553194,-0.010069347588161803,0.007026056612207787,0.00922056483885858,-0.00811203594110177,-0.0034818416346117376,-0.004496731197719761,-0.0016569795465700699
0.02160110352909128,0.04569618029708411,0.0028180846386129943,0.006197629571408569,0.0020533297073377366,-0.005115114456432979,0.011542798289321032,-0.005271162393200801,0.0037905836892291322,0.023253751389292532,0.016445002232216677,0.010285428765845372,0.022134947364826685,0.014848077063219778,0.028766999487826794,-0.004007743624198978,0.015456591596839209,0.025844199074659402,0.005963994961317942,0.04841489932532084,0.005296468707956636,0.03865136947167569,-0.02959058026486583,0.020893378225763204,0.007385759544649151,0.01285453163918504,0.018253660311888353,0.01215467591008168,0.021330091514236038,0.009958976478586123
-0.0064667915516215535,-0.006411751705123203,-0.01967085120518708,0.0070509229734014855,0.0014855451880491088,0.008962383304544908,0.006216763943947212,0.03137644833858455,-0.018689188066673523,0.01567268030688207,0.03536918671256406,-0.008310162795115095,0.005887907305871298,0.004016358143235976,0.0028890685292630724,0.015176447755680389,-0.001396356402093124,0.0003585977740374613,0.014288394773476432,0.005497539092077286,0.0048360784124728,0.016626915728214398,0.003313360000960719,-0.0035680415456637027,-0.0010431466676474876,0.00038466901531930553,0.03545574886535552,0.0018624952174168818,0.0024569515662593577,0.0
-0.0019014401037990014,-0.000832605214076243,-0.027108907452568887,-0.02156823156419596,-0.004705872986932591,-0.0339778859535288,-0.022721829060997956,0.04624118400253585,0.014740365377253983,-0.07749678882255417,-0.03989418113854859,-0.00824508164433746,-0.008532151196848137,-0.032129101434001384,0.00442415855815792,-0.034112491501447795,-0.006153056953666192,0.0020849350792515597,-0.0026889365982311064,0.01618375511365855,-0.015357852274828332,0.02850478729625494,-0.03581019794270368,-0.0003377425012962565,-0.0170573658343105,0.004508397078972326,-0.019288593349636285,-0.008262548381009927,0.007598027052239775,-0.008700643089078919
-0.00197847614027602,0.0022024810702407915,-0.012164320933474637,-0.020700235484610974,-0.0003083439101096985,0.0008672449847169084,0.01343433395268634,0.00801246003960343,0.013112233795446793,-0.016820000244113675,-0.018112966864289204,-0.015513497002812904,0.001811850358063305,0.002722636491483632,0.003482702907628754,-0.018967353968996736,0.0012664436303599924,-0.0017881151319305566,-0.013596953638584153,-0.00010760311965629654,0.013689885573804128,-0.02816906931414398,0.017713769013105507,-0.0019600460930720986,-0.017364316060879514,-0.0004522291140117707,-0.032058285150186494,-0.01803147168150121,-0.001216176061511809,-0.000585118972198817
-0.01817114312581336,0.014759080685455839,-0.007754941860691922,-0.04459928930794754,-0.013931763594202562,-0.0035739683128608313,-0.02721009470228719,-0.002820534774500616,-0.017764246828889774,-0.0010396956692221293,-0.019407974262719896,-0.011949322639049687,-0.01487128927522463,-0.027871410050317902,0.01862908115862738,-0.010671643532966124,-0.006745460457306396,-0.006937424021059457,-0.013068412084990766,-0.0006456881960021921,-0.005272655280872285,-0.019791144166243946,-0.018772611440638687,-0.012527846220078853,-0.01616584988036862,-0.00967664421980341,-0.004163262534109813,-0.012938570907410463,-0.001217848824608958,0.004586215041995967
-7.469218596389826e-05,0.006672282526346995,-0.04431653833391602,-0.0017288948325924203,-0.011365375650533083,-0.009365032469036416,-0.014892626652419083,-0.005271237987893196,0.003330982189912568,0.0055823071995715345,0.0009541339896379508,-0.06019048767255408,-0.023612836846952368,-0.024295783448465946,0.0021044328372894494,-0.0031959998506426723,0.007640042733017438,-0.001016686991631155,0.0024184983569002227,0.038444939550748014,-0.02699551289518043,-0.0065182816995246196,-0.028081462747415187,0.008023638101326336,-0.009118523112583876,0.00822467861845122,-0.021652360170916762,-0.014029201452093076,0.011460623366388978,-0.015153028179829886
0.004187757744410714,-0.004622213905148165,0.0006290693674619874,0.01168306853026313,-0.020724610206064087,0.011391889199519278,-0.024068430985020872,0.013183388999632228,-0.012498358844421853,-0.015148683422957165,0.01248230823773877,-0.005884488652951436,-0.00459643874916571,-0.0048975259280006345,0.012549986951619685,0.012891982118452994,-0.0015444465854359546,-0.006073794705232172,0.004765141826829078,-0.014310909467991184,-0.013507861045262248,0.002400413750564434,0.02845172927249262,0.0,0.018373892563069205,-0.004810957736381072,-0.014318487562975046,0.009153777366118998,-0.006991224525554118,-0.007693049886012271
-0.00860139398019577,-0.018487037363096648,-0.02492255148822009,-0.002437276215408679,-0.03403334501503075,-0.01261950972021797,-0.011014665422360403,-0.03763239345807945,-0.009162867214754677,-0.018821017463282352,-0.015636402147947925,-0.006337784902441079,-0.012751320720495896,0.006481152811029345,0.0027653133533929175,-0.016124166946488994,0.0014061746143381182,0.004690589553783653,-0.01182613160204704,-0.000841625080166386,-0.016001286373730217,-0.019316742657633945,-0.031524819976513685,0.008163739814143423,-0.005367177904636922,0.008337159966853358,0.007926569619754797,-0.0010798282238132506,-0.010439545621213187,0.06460594208312354
0.01968065895668869,0.011537593780705846,0.016348913427910006,0.02643976338221643,0.0017838781175121277,0.007873498864332529,0.007720647771627842,0.008748742899773232,-0.00219542512643911,0.01538461538461533,0.0004265312647735442,0.03291415377545337,0.009992640004955478,0.024242433850355294,0.004087194496180002,-0.0012066479330745672,0.024434775797830932,0.01706335024558414,0.0211408317054933,0.029377704528818605,-0.01318895836861611,0.022301809781678728,-0.009743076928405703,0.018422301383591133,0.02759061059900314,0.007712303878126159,0.027059159792879095,0.013003115099434082,0.011530916903696786,-0.016711858529918855
0.016317525903571717,-0.009598887440167458,0.02532963104830621,0.008614522547825798,-0.0032276118024739953,0.016659749695293824,-0.00127681481455999,0.0018395791333174483,-0.0015335114947612194,-0.022439566150857293,0.021549604862040272,-0.01963194460643214,-0.007157169799291929,0.022458279156505778,0.010544458337260698,-6.699636182871949e-05,-0.004934906256717109,-0.014385042262542225,0.008745354247120085,0.027004983825205997,0.003982067479795237,-0.013853551179771828,0.020516571142315865,-0.026106602162476067,0.0027888244488818437,0.002654557393023449,-0.0028752485265004513,0.004024565476250963,-0.024739235868968423,-0.011963525420227605
0.0038054245067611348,0.02037088104009932,0.0149814363087164,0.01885214783940259,0.018535101690052347,0.012526722994265382,0.0321840255981245,0.0010493445844705906,-0.008146977315020454,0.013439212880655305,0.014683008622073057,0.04305077570860494,0.012509285381438362,0.0011837833190095903,0.009377309180366611,0.016778439870717365,0.0002755862548744492,0.018202757417937088,0.011677225473654795,0.05239043267948684,0.006307939090366643,0.028257707023197964,-0.02591077088622873,0.010273643190725101,0.013757303766088302,0.009833635221391912,0.02266092831259381,0.015882177098198502,0.00945038652389485,0.028252921436589418
0.002094015298321983,0.010143439429348478,-0.0022205534501759105,0.0036675656494928877,0.024555994669962278,0.01256598703386902,-0.02549981525287448,-0.0032756886367919513,0.006597984473060592,0.0011616317148654964,0.017062936375023874,0.01253308627855132,-0.005392056831097336,-0.004171102705289753,0.004306337043130881,0.015313624693302552,0.003718537114735687,0.006281144434599595,-0.004313773284180811,-0.009748404048964598,0.01784106796189966,0.010207332090185206,0.013721716820289664,-0.0016163993279405542,0.002159743544289494,0.002791882663451428,0.010512505395839922,-0.0022120202890105745,0.0071447121812300285,0.019626192446068336
0.0046838874009274,0.0025828552348969858,0.01771686809963624,0.003571635704454179,0.011127765094319786,0.0035383688506671618,0.010475598863720403,0.01143689654441804,0.010835519430630436,0.010055125366951634,0.012291531722904425,0.004079215554740667,0.011579481429454974,0.01771054060942623,-0.003083427704998143,0.01768301556540841,0.0032931325263734212,-0.001856581981875327,0.007318495628007904,0.0019115614275619919,0.013408926747197292,0.00466345160899273,-0.01808499704797284,-0.0006070145003491678,0.0008735788534064426,-0.005636397103465085,0.00018198902168609088,0.0019472982576558273,0.00562615471029293,0.012923935640263728
0.01524118957389331,-0.023070619866299436,0.0028299616613276513,-0.013578999279378445,-0.013439117916046572,-0.013373699280423756,0.009933281667481753,-0.011697472031009126,0.009329555387945998,0.022015843019397963,-0.018376789347544276,0.0011486392363173614,-0.010250264498760875,-0.009430264391337984,-0.007635851434502183,-0.013287258842368588,-0.009089787652454828,-0.020615531388726738,-0.00912535219059496,-0.02861775370409858,-0.01071121950431042,0.018218556061412317,0.016497252512760685,-0.004859584125061156,-0.006401157727566331,-0.008058322908728321,-0.01989271924747993,-0.0121097679688833,-0.009000201130913377,0.009229849930973755
0.010914820528252767,0.0025777647553608674,0.0023088475921804186,0.0010824856261117954,0.10146947059794464,0.0253670020688459,0.008074609940727173,0.010915356294174172,-0.015012401496361405,-0.018169839548310085,0.010348820913027135,-0.009235249167069304,0.015403148104198072,-0.012726154187230554,0.0003896608396831702,-0.0033666715672946435,-0.017790085827507074,-0.009388278874846057,0.0063350807558042455,-0.00785626412698337,0.006697657758429676,-0.007034649067379051,0.008559328912786102,-0.010716235862874401,-0.011713301666643527,-0.006815885561799018,0.004115027259169901,-0.0023306310169594058,-0.003190949426627898,0.007890325343183235
-0.007128107299873898,0.020865433569561942,-0.008702300580441968,0.020598746773471177,-0.013828082233711902,0.015485806401739577,0.017084827815133652,0.011447787465018733,0.008918521581328998,0.00868065197834289,0.026201827150882373,0.010959534858210107,0.0016568296129890747,0.002783477034610904,-0.00043812302034407224,0.013804105854062554,0.001980955263064743,0.02324422313050012,0.008918148103510992,0.012273576765500005,-0.02504083083412756,0.011088796600203787,-0.010305312728931093,0.005827518597847137,0.0051852952107454,-0.014730351396021968,0.046743025409336836,-3.033743859803817e-05,0.0014774380055140313,0.017792016691613677
-0.012141483369261685,-0.015227786054645587,-0.014071797072686909,0.008203636957664129,-0.0033079796146670004,0.012950398677085584,0.036611935053744826,0.00012864542909496457,0.004419740688488716,-0.0025533888244365643,0.001506093904569905,-0.012485443066407309,-0.006409327638830509,0.017744967436728265,-0.013880101295827285,0.012719019200689408,-0.005083953635054539,0.0026973097113123234,-0.02206933828556623,-0.01349370325934618,0.006509927133071081,0.0006093724738651662,0.021160543078458716,-0.00920184061951168,-0.011407819728102786,-0.004995244787438957,-0.018309740799604568,-0.007615020883367629,0.014506949773703592,0.0037584054574315573
-0.006840070477014848,-0.030191713205283577,0.0018331725713693903,-0.00215547386531334,9.909482808145853e-05,0.006709409040226433,0.05297823479769992,0.0027007106423391214,-0.014842980201162925,-0.0016117967324192906,0.019968227355802837,0.009795710120746648,-0.004681810770286732,-0.00016223217117761202,-0.0027163786305285376,-0.003353267147222616,-0.006387551667147662,0.008718555284156437,-0.010574873966890719,-0.011596737245959332,0.004824912832363637,0.0025878758338695462,-0.00528960563825176,-0.013139865694105968,-0.006738890584157553,-0.006929456200759798,-0.0077362715716530195,0.012656646805697225,0.010421644238097771,0.0023510895460598924
-0.0031924534677664207,-0.02625116343537781,-0.011501761877265149,-0.02179018886432038,0.02169500666726476,-0.011058223484925689,-0.003991259425277005,0.011414564496488033,-0.008599955193372644,0.022127154987538145,0.014194476490636099,-0.013253929543286747,0.0034495311314575172,0.004026661821503019,-0.0015351302338612038,0.0005394858981067063,0.00357151362053143,-0.004626823566903915,-0.021017413934497076,-0.007922220376480937,0.01626790556904023,-0.03522624151038978,0.0172139763380188,-0.035622169414199045,-0.017951909167576052,-0.0036312192018258527,-0.015454887052019917,-0.013283373967016954,-0.009354710814020395,-0.013465443316316161
-0.0025550193698475887,-0.022974220438259252,0.004539639393836836,0.004499324584693598,-0.028603330746433397,-0.003587602893589392,0.00574114411046267,0.00824259080682399,-0.0014793639708872153,-0.005667593840687046,0.011411269398414747,-0.013260572882315413,-0.009479718130001813,0.004204779658546931,-0.008233273704347788,-0.04663548081072799,-0.0022776559859192247,0.0032279963351453667,0.006891843470907544,-0.020620591490686735,0.0020365533068591457,-0.0033049894843716343,-0.0031258565800189597,0.009324916107857906,-0.01831073774564207,-0.00253694362348722,-6.177195807788305e-05,-0.0010402462458787287,-0.02808716069605932,0.013208931859931328
0.005772445948890148,0.004874936676736441,0.016935769749744978,0.03204083814447012,-0.008234735422932848,0.035315256004906814,0.012183001299833185,0.009306900865831969,0.019664596452463767,0.01691280196625944,0.014442453470710603,0.016972204006346026,0.009938465872955993,0.0070535853031574725,0.03290653781022912,0.03194551491487574,0.0017120594592408,-0.0008366417695057082,0.0034526948130291224,0.007534383952206181,-0.027356619467261645,0.03884408262300898,-0.006433507035163322,0.0013607330349421076,0.015974248895155974,0.0010429135576890403,0.014740460014727397,-0.002358398671653994,-0.005480802323982625,-0.016339339691230914
-0.0026902907054526803,0.006341554765856072,-0.006471654188885845,0.02481565191277424,0.01001411775835237,0.016673493491980773,-0.007002257419601143,-0.012211907279874312,-0.004557186060233143,0.024166080986105953,0.024504115252602432,0.018027519343728482,0.009320091831619859,-0.006172670453469031,0.016800591909168494,0.023443384673624168,-0.015667219564713175,-0.0026406968332588487,0.017747272532807612,0.014238810412133596,0.010259979343901993,0.029639752768005456,-0.015507714749317336,0.006722870652249968,0.009286788898786869,0.016274530883491956,0.025459065271196346,0.06109360923418139,0.007515171107355334,0.020675055192389324
0.0008992558753764257,0.00113425767023001,-0.017760970816273702,-0.006053746581260566,0.018285078203287064,-0.044308721592698164,-0.00045728400864386565,-0.01854407925381618,-0.004843437304996923,0.0012560725910308879,-0.02532297910840753,0.006126530977419886,-0.0009801926101024039,-0.004827251004311028,0.007475876405680371,0.0035918672622627934,0.020402208585847514,0.02263411571650531,0.0017792707862500645,0.013029036969416818,-0.010217781958397731,-0.0039857047492413145,-0.03266450115570951,0.014776940836777053,-0.0018523790262471307,0.008590176771171132,0.015175385102123462,0.006365077261279106,0.01665827788066654,0.01227392849732234
-0.014985035929685031,0.023824532478354143,-0.01613691637948922,2.6226043471799798e-05,0.005479964235394208,-0.01359781945375016,-0.029172992498747274,0.005784034431419727,-0.00126672938506045,-0.003247637485855326,0.0018356606270764075,-0.0073960787047192555,0.019570350847992524,-0.001875497048402175,0.01224118439331634,0.004709363684995083,0.006381211482477056,0.00634641674386649,-0.01894608725701441,0.008144738889116931,-0.007752945826024926,0.004594588780092446,0.007256294743706926,0.01603198910057113,-0.000730174170779585,0.01850615112914822,-0.002164731954164334,-0.0027023348728943963,-0.0022010298318683175,0.0007712528203824842
0.0018241206270945831,0.0043958273645920976,8.989068511033871e-05,-0.004757295561121921,0.005888110529767232,-0.0014073544878757671,0.0012962429777310103,-0.008945666875467828,-0.02036054233476481,0.010227214269709295,-0.011735778419366127,-0.012073155619199749,0.004102311279857052,-0.01775419933434308,-0.022738903636060126,-0.013967993793286504,-0.008454260928674184,-0.013271454630918167,-0.015087496713936055,-0.019848428399053764,0.003306541643073313,-0.009737372954516599,0.008111685598434226,0.0005512386138943892,-0.0017659157768800116,-0.003372435284889397,-0.020228671309314494,-0.005131396382827447,-0.0012255131504426142,-0.01173046500626096
-0.010086976563313366,-0.0022341894371818993,-0.005796159688549518,-0.013499784963670214,-0.0018383477841907858,-0.045913751053601404,0.0126712046762536,-0.01998718780211939,0.018875735780647274,-0.008869427242460648,-0.0077574995885846265,0.011540202378633513,0.008221531508523006,0.0004618212419751355,0.0049211563255200375,-0.001806251457973418,0.004263172436499207,0.013322714322891338,-0.006311317244347081,0.00926023546224597,-0.0005668130933824678,-0.021305116147936287,-0.038149894542773066,0.017905067331316138,0.0002440312165925551,0.005731790247168078,-0.0076899957355511805,-0.002028303562876088,0.003190263210731903,0.0020794383330686728
0.0012875132341483297,-0.004877095625553829,0.024811271877659857,-0.00023950325130561723,0.009402425358357558,0.007012018160563072,0.000488839548567821,0.012499987316147543,-0.01223916080096743,0.011208582879411955,0.004551032844750003,-0.0049334553184248175,-0.009054968848372535,-0.009461953407536638,-0.00960397908410704,-0.006286169244011375,-0.004386602811730311,0.00301228080750926,-0.0025282366225329866,0.015224877777625379,0.01650851077648796,-0.0009134435911462013,0.018719942068098128,-0.015492820980718136,-0.007897650522879052,0.008171124515192751,-0.010523765972099475,0.004645633795913762,-0.0114970672900091,-0.007176275089663786
0.005437456457254575,0.009123896595775394,0.0026019210221046585,0.002636392478417182,0.027896468235498073,0.01836236213118525,0.007989179119972878,0.019103272541705296,0.0004061450274723821,-0.00563158011392606,0.019605120690630695,-0.02814161312374086,0.005199949834484796,0.0017640631659034955,-0.00931300472259411,0.013450425955421785,-0.004263778452530009,-0.011919235829442543,0.0012365276522168234,0.003972564019361746,0.004008420178750471,-0.10543957814690108,0.03933622863520214,-0.0072841783123089865,-0.013830772373387035,-0.002485863755516071,-0.002194189367418109,0.009363816563267457,-0.014600482672991077,-0.004092962450762849
-0.0098660198257976,0.012248814175193967,0.00475032567966549,0.011526858517488803,0.012892350911945627,0.010742400982890477,0.018160118952610604,-0.00395305076136887,0.01387486405192373,0.010248106899862996,0.006178144570656796,0.004029072080104834,-0.01582035809254001,0.0060136024704176005,0.004603384219572071,0.018536617965232427,0.0021409632295101844,0.001203075956825339,-0.012101869658326936,0.03590858116045048,-0.0020579280335145667,-0.02537897688879842,0.01491789831628254,-0.012252639117110498,0.009287521389095055,-0.0043698075793591196,-0.006902506290312194,0.00813174495058222,0.0040181965402434905,-0.01539004572257141
0.005129726100470355,0.00030173599269001095,0.016241329216049705,0.0035183870830006736,4.6161989457838004e-05,1.7227015616017027e-05,-0.004534690719271706,-0.0011521764435304949,0.00473957145650461,0.007474675100684891,0.0030144472064288497,-0.004099466019318432,-0.002347446680258214,0.00326965263247736,-0.007428149127685302,0.008790166670989974,-0.0048424897042798065,-0.017013423672019967,0.0009374533895702974,0.003055792600380025,0.003980023810253641,0.00209717834552281,0.030050700900573935,0.003433991301402539,0.0006484591869269085,0.0028116568022729105,-0.0011071966076994233,0.0036638591613371574,-0.0015008178531111804,-0.01509768828826874
0.0053238158353827725,0.007451205634364744,0.001033882544133169,0.002407184126023587,0.006041030766530842,0.0023008173762972817,0.006946951869098994,0.0,-6.63372598576073e-05,0.011128794582631274,0.01005867201441668,0.006870126695345702,0.0073145384894319765,0.0025676332521742395,0.009719125698376407,0.009940839366306298,0.0034349001111653177,0.00801054632915199,0.0011864628200337624,0.013423404161597707,0.0024031254578502637,0.04638994164566501,-0.0031711222062752453,0.009149440540174192,0.004011782114690998,0.004718617257471358,0.00855908497556368,0.004980474183926331,0.010020030785775402,0.006402197032230772
-0.0014973530252399003,-0.0030842216377484633,0.000602458846315379,-0.005377029560368118,-0.007884127208611091,-0.0013019284533565267,0.003091107216358857,0.0017944077619156396,-0.003189416293716607,-0.008036388638733571,-0.004106412925432568,0.007024823614332432,0.0022342664982433202,0.0017401565717665157,-0.000721886638696323,-0.0038278093301085114,-0.0034231419604647817,-0.008457555174693154,0.010851915983612459,0.0031000654872228584,-0.000635160515604416,0.015500038432174623,0.010179710869091751,0.0017301709676502686,0.00027666152732397364,-0.005853580130786962,0.012973961759156216,-0.00039420387694089065,0.003968367563572883,0.0011647385075057581
0.0013168132449112857,-0.009911968173158425,-0.0019353042317807878,-0.015037391777384057,0.003742365318134988,-0.007530030717001424,0.0005638624207888743,-0.0047338265940256585,0.006465796364491627,0.0055477711901801285,-0.016382916677461612,-0.006661296079776058,-0.0014186222155198047,0.0021304735479950043,-0.0003371927521289564,-0.012686425725559114,0.004150531787228795,-0.006920320891111276,-0.0022210716692081522,-0.0014983841463370728,-0.001250745693541444,0.0045954160793932886,-0.012124077899723362,-0.001174458718604221,-0.0006452710354504232,-0.0006503828745161311,-0.008709281336229502,-0.0010986585752653655,0.0,0.007069997110698445
-0.002483993295382736,-0.002851686125843189,0.001982123671998126,-0.00514226219643088,0.005753739930955071,-0.002108520168182526,-0.001164321877311636,-0.004884921558222066,0.008742252984590193,0.005254387085497747,-0.008697848669055541,-0.0031658860634697916,-0.0037038967748360685,-0.012069035267205153,-0.003131614346345568,-0.00101929823743252,-0.001282790764081665,-0.0016205896547237808,-0.003400960161832778,-0.005252322477216742,0.0007801596803003186,-0.000326787298795872,-0.003612788112190568,-0.003596929976312113,0.00285951431045528,0.0015414547673464618,0.009789113327919763,-0.0027917510495907294,0.005434767271233598,-0.005420765247099668
